mary,968
jessica,155
jessica,77
bob,578
jessica,973
jessica,124
jessica,155
mary,403
mary,199
mary,191
john,769
bob,88
bob,43
mary,393
mary,164
john,45
mei,148
mary,609
mei,134
john,726
john,106
mei,355
jessica,774
john,214
jessica,732
mary,362
mary,682
john,141
jessica,433
bob,892
john,328
jessica,151
jessica,737
john,200
bob,626
mei,679
jessica,812
mei,481
mei,723
mary,98
jessica,76
mei,911
mei,948
mei,698
mei,539
bob,806
john,885
jessica,785
jessica,750
bob,233
john,442
john,170
jessica,363
bob,913
bob,186
john,510
john,998
john,12
mei,804
bob,705
mei,900
mei,727
jessica,643
mary,34
john,580
john,287
bob,382
john,5
mary,204
bob,392
john,982
mei,809
john,62
john,220
bob,458
mary,738
bob,502
jessica,352
mei,956
jessica,326
bob,791
mei,724
bob,414
john,51
jessica,295
jessica,463
john,922
bob,693
bob,353
john,378
bob,836
jessica,10
mei,279
john,778
jessica,10
mei,370
jessica,739
jessica,682
mary,469
mei,324
john,612
mary,721
john,410
bob,474
mary,294
jessica,128
jessica,622
mary,588
mary,708
jessica,286
john,740
mei,112
jessica,128
bob,195
mei,458
jessica,828
john,576
john,726
mei,744
jessica,449
mei,814
jessica,678
bob,327
mei,837
jessica,904
jessica,592
bob,923
bob,245
mei,476
mei,120
mary,656
john,511
mary,398
mary,716
jessica,657
mary,358
mary,510
john,129
mei,944
john,490
john,811
mei,734
mei,371
john,37
jessica,900
mei,723
mei,274
john,291
jessica,309
jessica,143
mei,277
mei,116
mei,11
bob,49
jessica,809
john,28
mei,407
mary,937
bob,781
jessica,236
john,925
bob,423
mei,927
mei,925
bob,648
john,481
jessica,160
bob,375
bob,494
john,623
mary,221
john,378
mei,951
jessica,556
mei,185
john,434
bob,340
mary,474
mei,189
mary,606
mary,606
jessica,331
jessica,666
john,105
mei,182
mary,137
mary,543
john,860
mary,701
mei,564
mary,903
bob,471
mei,350
bob,797
mary,945
mei,912
mary,992
mary,203
mei,93
mary,18
john,787
bob,543
mary,599
bob,616
mary,290
mei,388
mary,541
jessica,906
mary,239
john,269
bob,621
jessica,607
mary,336
bob,775
mei,242
mary,962
bob,51
jessica,24
mei,124
bob,976
mary,973
mei,988
jessica,722
bob,969
john,785
jessica,446
jessica,480
bob,616
jessica,221
bob,578
john,143
bob,74
jessica,21
bob,994
mary,178
mary,946
mary,622
john,978
john,982
mei,651
mei,729
mary,836
bob,762
john,860
john,928
jessica,363
jessica,594
mei,752
mary,328
jessica,934
john,636
john,921
mei,591
jessica,583
jessica,587
john,30
mary,378
john,562
bob,814
john,623
mei,169
mary,959
jessica,99
mei,629
john,223
bob,353
john,157
bob,915
mary,351
mary,206
bob,292
bob,401
mei,296
john,693
bob,556
mary,905
mary,931
john,825
bob,936
jessica,366
john,618
bob,394
mary,901
mary,355
mary,204
mary,34
bob,785
john,551
mary,937
jessica,210
jessica,163
jessica,175
bob,82
john,855
jessica,29
mei,70
john,308
mary,745
mei,628
bob,271
jessica,506
jessica,599
jessica,317
jessica,934
mary,626
mary,706
jessica,615
mei,688
john,794
mary,71
john,569
john,981
mary,567
mary,285
mei,958
mei,859
mei,495
john,119
jessica,562
mei,279
jessica,424
jessica,330
mary,595
jessica,187
bob,327
mary,186
mary,827
jessica,708
mary,349
jessica,39
mei,114
john,647
john,858
mei,645
mei,491
bob,447
mei,43
john,449
mary,843
bob,416
mary,624
jessica,101
bob,710
mary,451
jessica,725
mei,814
bob,88
mei,250
bob,853
jessica,373
bob,868
jessica,419
bob,244
john,137
john,169
bob,24
mary,693
mary,910
mary,685
john,319
john,915
john,645
bob,305
mei,495
mei,35
mei,26
mary,293
mei,476
mary,676
mary,517
bob,428
mei,729
mei,326
mary,18
jessica,38
bob,661
jessica,474
bob,697
mei,718
mei,96
mary,864
jessica,217
jessica,894
bob,922
bob,454
mei,390
jessica,609
john,761
mary,490
mei,480
bob,278
john,71
jessica,369
john,176
bob,155
mary,58
bob,286
mary,347
mary,876
mei,532
bob,659
bob,779
mei,460
mei,543
mary,156
mei,142
bob,675
bob,992
mary,678
mei,10
jessica,143
john,311
john,118
mei,67
mary,321
mary,262
bob,632
mei,4
mary,22
mei,551
bob,181
bob,664
mei,239
mary,601
john,495
jessica,482
bob,3
mary,363
bob,355
mary,983
john,281
jessica,236
mei,63
bob,97
bob,385
john,276
mei,425
jessica,539
jessica,818
mei,46
john,341
bob,461
mei,657
bob,511
mary,459
jessica,246
mei,529
jessica,685
bob,933
john,901
mei,246
bob,953
mary,324
mary,122
jessica,320
mei,500
bob,652
mary,382
mary,819
bob,967
jessica,778
bob,781
jessica,991
bob,694
mary,784
jessica,632
bob,329
mary,881
jessica,887
mary,412
mary,870
jessica,715
john,971
jessica,372
jessica,241
mary,421
mary,363
mary,407
john,50
jessica,415
john,349
mary,657
jessica,496
mei,817
bob,330
mei,393
john,302
mei,392
jessica,851
john,615
john,72
jessica,404
bob,668
mary,91
mei,405
mei,805
jessica,211
bob,552
jessica,973
mei,467
jessica,554
bob,533
jessica,866
mei,233
mary,890
mei,844
bob,67
bob,762
john,610
jessica,196
mary,433
bob,254
mary,638
bob,775
mei,984
mei,466
john,306
mary,450
mei,158
john,378
mei,345
mary,741
jessica,440
bob,724
jessica,637
mei,505
jessica,922
john,560
jessica,540
mary,964
mei,988
bob,381
john,483
mary,989
mei,42
jessica,952
john,658
mei,167
bob,654
mei,684
mei,403
mei,399
mei,576
bob,540
mei,498
mary,661
jessica,802
jessica,364
mary,491
mei,953
mei,785
john,558
bob,210
mary,744
john,50
jessica,616
bob,476
jessica,276
mary,290
mary,778
bob,921
mary,224
bob,791
jessica,393
mei,721
bob,274
mary,671
john,520
jessica,283
mei,715
mary,521
mei,729
mary,223
mary,141
bob,670
bob,20
mary,488
jessica,958
bob,348
bob,883
john,592
john,341
bob,753
mary,541
jessica,463
jessica,905
mary,93
mary,217
mary,147
bob,317
mei,369
bob,468
mei,99
bob,506
mei,92
john,245
jessica,658
bob,47
mary,72
john,610
jessica,23
john,449
john,561
mary,500
jessica,442
jessica,547
john,169
jessica,913
jessica,795
mei,249
mary,484
bob,480
john,926
bob,357
mary,270
mary,606
bob,487
mary,201
jessica,331
mei,840
john,196
john,515
jessica,677
bob,860
john,396
mary,647
jessica,634
john,677
jessica,762
bob,977
jessica,36
mei,84
bob,52
mary,532
mei,980
mary,226
mary,72
mei,124
mei,659
mei,430
john,749
john,334
jessica,850
mary,397
bob,579
jessica,725
john,695
mary,369
john,318
mei,731
bob,329
bob,128
bob,282
jessica,613
jessica,785
bob,647
bob,513
john,215
john,227
mei,389
mei,561
bob,862
bob,783
mary,863
mei,330
john,12
mary,160
jessica,208
jessica,117
mary,737
bob,912
john,538
mei,696
bob,214
john,618
mei,833
bob,570
bob,28
mary,279
john,140
mei,586
bob,987
mei,108
jessica,317
mei,455
mei,256
mei,817
mei,59
john,92
john,257
mei,582
jessica,490
bob,702
bob,382
john,257
john,756
jessica,927
john,142
jessica,177
mary,497
bob,514
john,166
jessica,625
mary,19
john,373
jessica,471
bob,506
jessica,520
john,781
mary,494
mei,441
bob,380
mary,723
bob,428
bob,172
bob,586
john,568
mei,742
mei,940
jessica,677
mei,926
john,438
bob,642
bob,747
mary,266
john,993
jessica,726
bob,650
bob,530
bob,910
bob,246
bob,316
mei,175
bob,429
mei,490
jessica,875
mei,260
john,576
bob,696
mei,148
jessica,914
john,506
jessica,703
bob,908
mei,921
bob,260
mary,61
mary,874
john,159
mei,504
john,756
jessica,964
bob,355
mei,326
jessica,494
jessica,448
jessica,997
bob,141
mei,704
jessica,39
jessica,347
mary,346
john,185
bob,254
john,73
john,946
jessica,955
bob,751
mary,950
bob,478
mei,911
john,989
bob,642
mary,223
mei,166
jessica,166
bob,699
mei,548
john,796
bob,182
mary,871
mei,643
jessica,682
jessica,276
mary,883
bob,77
john,2
mei,604
john,918
mary,517
mary,694
mei,799
bob,32
bob,978
bob,574
bob,279
mei,400
jessica,688
jessica,805
mei,617
mei,153
mei,139
mei,119
john,44
mary,718
bob,421
john,350
john,552
jessica,297
bob,328
bob,904
mei,186
mary,876
jessica,367
john,683
mary,11
bob,886
jessica,493
mary,730
bob,412
john,485
mei,794
mei,888
mary,487
jessica,335
mei,504
bob,895
jessica,629
john,587
mary,874
bob,983
mei,820
john,481
john,136
john,164
jessica,67
john,353
john,242
bob,647
jessica,202
bob,98
mary,846
mary,522
mary,188
bob,53
jessica,193
mei,338
bob,101
mary,795
john,652
john,321
john,104
mary,961
bob,860
jessica,70
bob,425
bob,633
jessica,883
mary,687
mary,348
mei,452
bob,758
john,432
jessica,458
mary,923
mary,129
jessica,790
mary,215
mei,784
bob,738
mary,840
bob,874
john,991
john,218
john,819
jessica,556
john,987
bob,916
jessica,304
john,200
john,494
mei,455
mary,637
mary,608
mary,939
mary,909
jessica,142
mary,778
john,194
mei,3
mary,40
mei,888
jessica,403
bob,430
bob,114
john,624
mary,148
mary,160
bob,411
bob,552
mei,569
mary,311
mei,978
john,423
john,790
bob,712
john,738
john,403
mei,686
mei,542
john,152
john,721
bob,96
john,896
mei,496
jessica,644
mei,121
john,614
john,357
mei,252
bob,429
jessica,969
jessica,1
mei,354
jessica,107
jessica,615
mary,591
mei,517
mary,671
mary,758
mei,991
john,565
mei,113
john,564
mei,787
mei,562
john,210
john,207
jessica,689
mary,66
john,894
jessica,348
jessica,219
john,928
mei,956
mary,227
mary,129
mei,608
mary,475
mei,973
mei,931
jessica,16
mary,137
mei,271
bob,201
mary,124
jessica,821
jessica,29
mary,656
bob,959
bob,311
bob,834
bob,407
bob,879
bob,341
john,813
mei,545
mary,505
mary,310
john,222
jessica,572
jessica,639
jessica,566
mei,739
bob,78
john,150
mary,463
bob,715
john,118
mei,122
jessica,276
john,54
john,32
mei,931
mary,38
mei,353
mei,610
jessica,954
john,38
mei,161
jessica,691
john,865
bob,326
mei,677
jessica,706
john,151
jessica,511
john,756
jessica,294
john,152
